sample_id	group	subject_id	permutation_seed	negative_control
GSM1509610	case	1001	20260806	within_cohort_label_permutation
GSM1509612	case	1004	20260806	within_cohort_label_permutation
GSM1509613	control	1005	20260806	within_cohort_label_permutation
GSM1509614	case	1011	20260806	within_cohort_label_permutation
GSM1509615	case	1012	20260806	within_cohort_label_permutation
GSM1509616	case	1014	20260806	within_cohort_label_permutation
GSM1509618	case	1015	20260806	within_cohort_label_permutation
GSM1509619	case	1019	20260806	within_cohort_label_permutation
GSM1509620	case	1020	20260806	within_cohort_label_permutation
GSM1509621	case	1021	20260806	within_cohort_label_permutation
GSM1509622	case	1023	20260806	within_cohort_label_permutation
GSM1509623	control	1024	20260806	within_cohort_label_permutation
GSM1509625	case	1025	20260806	within_cohort_label_permutation
GSM1509627	control	1028	20260806	within_cohort_label_permutation
GSM1509628	control	1029	20260806	within_cohort_label_permutation
GSM1509630	case	1030	20260806	within_cohort_label_permutation
GSM1509636	case	1035	20260806	within_cohort_label_permutation
GSM1509637	control	1036	20260806	within_cohort_label_permutation
GSM1509638	control	1037	20260806	within_cohort_label_permutation
GSM1509639	control	1040	20260806	within_cohort_label_permutation
GSM1509640	case	1041	20260806	within_cohort_label_permutation
GSM1509641	control	1042	20260806	within_cohort_label_permutation
GSM1509643	control	1044	20260806	within_cohort_label_permutation
GSM1509644	case	1045	20260806	within_cohort_label_permutation
GSM1509646	control	1046	20260806	within_cohort_label_permutation
GSM1509648	case	1047	20260806	within_cohort_label_permutation
GSM1509649	case	1048	20260806	within_cohort_label_permutation
GSM1509653	case	1050	20260806	within_cohort_label_permutation
GSM1509654	control	1051	20260806	within_cohort_label_permutation
GSM1509655	case	1052	20260806	within_cohort_label_permutation
GSM1509656	control	1053	20260806	within_cohort_label_permutation
GSM1509657	case	1054	20260806	within_cohort_label_permutation
GSM1509658	case	1056	20260806	within_cohort_label_permutation
GSM1509659	case	1060	20260806	within_cohort_label_permutation
GSM1509660	control	1064	20260806	within_cohort_label_permutation
GSM1509661	case	1065	20260806	within_cohort_label_permutation
GSM1509662	control	1066	20260806	within_cohort_label_permutation
GSM1509663	case	1069	20260806	within_cohort_label_permutation
GSM1509664	case	1072	20260806	within_cohort_label_permutation
GSM1509665	case	1075	20260806	within_cohort_label_permutation
GSM1509666	case	1076	20260806	within_cohort_label_permutation
GSM1509669	control	1083	20260806	within_cohort_label_permutation
GSM1509672	case	1087	20260806	within_cohort_label_permutation
GSM1509675	case	1090	20260806	within_cohort_label_permutation
GSM1509676	case	1091	20260806	within_cohort_label_permutation
GSM1509677	control	1092	20260806	within_cohort_label_permutation
GSM1509678	case	1093	20260806	within_cohort_label_permutation
GSM1509680	case	1096	20260806	within_cohort_label_permutation
GSM1509681	case	1097	20260806	within_cohort_label_permutation
GSM1509684	control	1099	20260806	within_cohort_label_permutation
GSM1509688	case	1102	20260806	within_cohort_label_permutation
GSM1509690	case	1103	20260806	within_cohort_label_permutation
GSM1509692	case	1104	20260806	within_cohort_label_permutation
GSM1509693	control	1105	20260806	within_cohort_label_permutation
GSM1509694	case	1110	20260806	within_cohort_label_permutation
GSM1509695	case	1111	20260806	within_cohort_label_permutation
GSM1509697	control	1113	20260806	within_cohort_label_permutation
GSM1509699	control	1115	20260806	within_cohort_label_permutation
GSM1509701	control	1116	20260806	within_cohort_label_permutation
GSM1509702	case	1117	20260806	within_cohort_label_permutation
GSM1509704	case	1120	20260806	within_cohort_label_permutation
GSM1509705	case	1121	20260806	within_cohort_label_permutation
GSM1509707	case	1125	20260806	within_cohort_label_permutation
GSM1509708	control	1127	20260806	within_cohort_label_permutation
GSM1509709	case	GSM1509709	20260806	within_cohort_label_permutation
GSM1509710	case	GSM1509710	20260806	within_cohort_label_permutation
GSM1509711	control	GSM1509711	20260806	within_cohort_label_permutation
GSM1509712	case	GSM1509712	20260806	within_cohort_label_permutation
GSM1509713	case	GSM1509713	20260806	within_cohort_label_permutation
GSM1509714	case	GSM1509714	20260806	within_cohort_label_permutation
GSM1509715	case	GSM1509715	20260806	within_cohort_label_permutation
GSM1509716	control	GSM1509716	20260806	within_cohort_label_permutation
GSM1509717	case	GSM1509717	20260806	within_cohort_label_permutation
GSM1509718	control	GSM1509718	20260806	within_cohort_label_permutation
GSM1509719	case	GSM1509719	20260806	within_cohort_label_permutation
GSM1509720	case	GSM1509720	20260806	within_cohort_label_permutation
GSM1509721	case	GSM1509721	20260806	within_cohort_label_permutation
GSM1509722	case	GSM1509722	20260806	within_cohort_label_permutation
GSM1509723	case	GSM1509723	20260806	within_cohort_label_permutation
GSM1509724	control	GSM1509724	20260806	within_cohort_label_permutation
GSM1509725	case	GSM1509725	20260806	within_cohort_label_permutation
GSM1509726	case	GSM1509726	20260806	within_cohort_label_permutation
GSM1509727	case	GSM1509727	20260806	within_cohort_label_permutation
GSM1509728	case	GSM1509728	20260806	within_cohort_label_permutation
GSM1509729	case	GSM1509729	20260806	within_cohort_label_permutation
GSM1509730	case	GSM1509730	20260806	within_cohort_label_permutation
GSM1509731	case	GSM1509731	20260806	within_cohort_label_permutation
GSM1509732	control	GSM1509732	20260806	within_cohort_label_permutation
GSM1509733	control	GSM1509733	20260806	within_cohort_label_permutation
GSM1509734	case	GSM1509734	20260806	within_cohort_label_permutation
GSM1509735	case	GSM1509735	20260806	within_cohort_label_permutation
GSM1509736	case	GSM1509736	20260806	within_cohort_label_permutation
GSM1509737	control	GSM1509737	20260806	within_cohort_label_permutation
GSM1509738	control	GSM1509738	20260806	within_cohort_label_permutation
