sample_id	group	subject_id	visit_policy
GSM1509610	case	1001	earliest_available_V1
GSM1509612	case	1004	earliest_available_V1
GSM1509613	case	1005	earliest_available_V1
GSM1509614	case	1011	earliest_available_V1
GSM1509615	case	1012	earliest_available_V1
GSM1509616	case	1014	earliest_available_V1
GSM1509618	case	1015	earliest_available_V1
GSM1509619	case	1019	earliest_available_V1
GSM1509620	case	1020	earliest_available_V1
GSM1509621	case	1021	earliest_available_V1
GSM1509622	case	1023	earliest_available_V1
GSM1509623	case	1024	earliest_available_V1
GSM1509625	case	1025	earliest_available_V1
GSM1509627	case	1028	earliest_available_V1
GSM1509628	case	1029	earliest_available_V1
GSM1509630	case	1030	earliest_available_V1
GSM1509636	case	1035	earliest_available_V1
GSM1509637	case	1036	earliest_available_V1
GSM1509638	case	1037	earliest_available_V1
GSM1509639	case	1040	earliest_available_V1
GSM1509640	case	1041	earliest_available_V1
GSM1509641	case	1042	earliest_available_V1
GSM1509643	case	1044	earliest_available_V1
GSM1509644	case	1045	earliest_available_V1
GSM1509646	case	1046	earliest_available_V1
GSM1509648	case	1047	earliest_available_V1
GSM1509649	case	1048	earliest_available_V1
GSM1509653	case	1050	earliest_available_V1
GSM1509654	case	1051	earliest_available_V1
GSM1509655	case	1052	earliest_available_V1
GSM1509656	case	1053	earliest_available_V1
GSM1509657	case	1054	earliest_available_V1
GSM1509658	case	1056	earliest_available_V1
GSM1509659	case	1060	earliest_available_V1
GSM1509660	case	1064	earliest_available_V1
GSM1509661	case	1065	earliest_available_V1
GSM1509662	case	1066	earliest_available_V1
GSM1509663	case	1069	earliest_available_V1
GSM1509664	case	1072	earliest_available_V1
GSM1509665	case	1075	earliest_available_V1
GSM1509666	case	1076	earliest_available_V1
GSM1509669	case	1083	earliest_available_V1
GSM1509672	case	1087	earliest_available_V1
GSM1509675	case	1090	earliest_available_V1
GSM1509676	case	1091	earliest_available_V1
GSM1509677	case	1092	earliest_available_V1
GSM1509678	case	1093	earliest_available_V1
GSM1509680	case	1096	earliest_available_V1
GSM1509681	case	1097	earliest_available_V1
GSM1509684	case	1099	earliest_available_V1
GSM1509688	case	1102	earliest_available_V1
GSM1509690	case	1103	earliest_available_V1
GSM1509692	case	1104	earliest_available_V1
GSM1509693	case	1105	earliest_available_V1
GSM1509694	case	1110	earliest_available_V1
GSM1509695	case	1111	earliest_available_V1
GSM1509697	case	1113	earliest_available_V1
GSM1509699	case	1115	earliest_available_V1
GSM1509701	case	1116	earliest_available_V1
GSM1509702	case	1117	earliest_available_V1
GSM1509704	case	1120	earliest_available_V1
GSM1509705	case	1121	earliest_available_V1
GSM1509707	case	1125	earliest_available_V1
GSM1509708	case	1127	earliest_available_V1
GSM1509709	control	GSM1509709	earliest_available_V1
GSM1509710	control	GSM1509710	earliest_available_V1
GSM1509711	control	GSM1509711	earliest_available_V1
GSM1509712	control	GSM1509712	earliest_available_V1
GSM1509713	control	GSM1509713	earliest_available_V1
GSM1509714	control	GSM1509714	earliest_available_V1
GSM1509715	control	GSM1509715	earliest_available_V1
GSM1509716	control	GSM1509716	earliest_available_V1
GSM1509717	control	GSM1509717	earliest_available_V1
GSM1509718	control	GSM1509718	earliest_available_V1
GSM1509719	control	GSM1509719	earliest_available_V1
GSM1509720	control	GSM1509720	earliest_available_V1
GSM1509721	control	GSM1509721	earliest_available_V1
GSM1509722	control	GSM1509722	earliest_available_V1
GSM1509723	control	GSM1509723	earliest_available_V1
GSM1509724	control	GSM1509724	earliest_available_V1
GSM1509725	control	GSM1509725	earliest_available_V1
GSM1509726	control	GSM1509726	earliest_available_V1
GSM1509727	control	GSM1509727	earliest_available_V1
GSM1509728	control	GSM1509728	earliest_available_V1
GSM1509729	control	GSM1509729	earliest_available_V1
GSM1509730	control	GSM1509730	earliest_available_V1
GSM1509731	control	GSM1509731	earliest_available_V1
GSM1509732	control	GSM1509732	earliest_available_V1
GSM1509733	control	GSM1509733	earliest_available_V1
GSM1509734	control	GSM1509734	earliest_available_V1
GSM1509735	control	GSM1509735	earliest_available_V1
GSM1509736	control	GSM1509736	earliest_available_V1
GSM1509737	control	GSM1509737	earliest_available_V1
GSM1509738	control	GSM1509738	earliest_available_V1
